OrderID,CustomerID,ProductID,OrderDate
O00001,C0002,P002,2024-01-01
O00002,C0003,P003,2024-01-02
O00003,C0004,P004,2024-01-03
O00004,C0005,P005,2024-01-04
O00005,C0006,P006,2024-01-05
O00006,C0007,P007,2024-01-06
O00007,C0008,P008,2024-01-07
O00008,C0009,P009,2024-01-08
O00009,C0010,P010,2024-01-09
O00010,C0011,P011,2024-01-10
O00011,C0012,P012,2024-01-11
O00012,C0013,P013,2024-01-12
O00013,C0014,P014,2024-01-13
O00014,C0015,P015,2024-01-14
O00015,C0016,P016,2024-01-15
O00016,C0017,P017,2024-01-16
O00017,C0018,P018,2024-01-17
O00018,C0019,P019,2024-01-18
O00019,C0020,P020,2024-01-19
O00020,C0021,P021,2024-01-20
O00021,C0022,P022,2024-01-21
O00022,C0023,P023,2024-01-22
O00023,C0024,P024,2024-01-23
O00024,C0025,P025,2024-01-24
O00025,C0026,P026,2024-01-25
O00026,C0027,P027,2024-01-26
O00027,C0028,P028,2024-01-27
O00028,C0029,P029,2024-01-28
O00029,C0030,P030,2024-01-29
O00030,C0031,P001,2024-01-30
O00031,C0032,P002,2024-01-31
O00032,C0033,P003,2024-02-01
O00033,C0034,P004,2024-02-02
O00034,C0035,P005,2024-02-03
O00035,C0036,P006,2024-02-04
O00036,C0037,P007,2024-02-05
O00037,C0038,P008,2024-02-06
O00038,C0039,P009,2024-02-07
O00039,C0040,P010,2024-02-08
O00040,C0041,P011,2024-02-09
O00041,C0042,P012,2024-02-10
O00042,C0043,P013,2024-02-11
O00043,C0044,P014,2024-02-12
O00044,C0045,P015,2024-02-13
O00045,C0046,P016,2024-02-14
O00046,C0047,P017,2024-02-15
O00047,C0048,P018,2024-02-16
O00048,C0049,P019,2024-02-17
O00049,C0050,P020,2024-02-18
O00050,C0001,P021,2024-02-19
O00051,C0002,P022,2024-02-20
O00052,C0003,P023,2024-02-21
O00053,C0004,P024,2024-02-22
O00054,C0005,P025,2024-02-23
O00055,C0006,P026,2024-02-24
O00056,C0007,P027,2024-02-25
O00057,C0008,P028,2024-02-26
O00058,C0009,P029,2024-02-27
O00059,C0010,P030,2024-02-28
O00060,C0011,P001,2024-02-29
O00061,C0012,P002,2024-03-01
O00062,C0013,P003,2024-03-02
O00063,C0014,P004,2024-03-03
O00064,C0015,P005,2024-03-04
O00065,C0016,P006,2024-03-05
O00066,C0017,P007,2024-03-06
O00067,C0018,P008,2024-03-07
O00068,C0019,P009,2024-03-08
O00069,C0020,P010,2024-03-09
O00070,C0021,P011,2024-03-10
O00071,C0022,P012,2024-03-11
O00072,C0023,P013,2024-03-12
O00073,C0024,P014,2024-03-13
O00074,C0025,P015,2024-03-14
O00075,C0026,P016,2024-03-15
O00076,C0027,P017,2024-03-16
O00077,C0028,P018,2024-03-17
O00078,C0029,P019,2024-03-18
O00079,C0030,P020,2024-03-19
O00080,C0031,P021,2024-03-20
O00081,C0032,P022,2024-03-21
O00082,C0033,P023,2024-03-22
O00083,C0034,P024,2024-03-23
O00084,C0035,P025,2024-03-24
O00085,C0036,P026,2024-03-25
O00086,C0037,P027,2024-03-26
O00087,C0038,P028,2024-03-27
O00088,C0039,P029,2024-03-28
O00089,C0040,P030,2024-03-29
O00090,C0041,P001,2024-03-30
O00091,C0042,P002,2024-03-31
O00092,C0043,P003,2024-04-01
O00093,C0044,P004,2024-04-02
O00094,C0045,P005,2024-04-03
O00095,C0046,P006,2024-04-04
O00096,C0047,P007,2024-04-05
O00097,C0048,P008,2024-04-06
O00098,C0049,P009,2024-04-07
O00099,C0050,P010,2024-04-08
O00100,C0001,P011,2024-04-09
